Nom_Station,Adresse,Type,Directeur.rice,RedChef,RedChefAdj,RespProg,RespTech,Latitude,Longitude,Territoire,google_lat,google_lon,google_status
ici Alsace,"4, rue Joseph Massol - 67000 STRASBOURG",ICI,Céline,Maud CZAJA,Magali FICHTER,Lionel,Frédéric,48.58561,7.75522,Nord-Est,48.5852144,7.7553121,OK
ici Armorique,"14, av Jean Janvier - 35000 Rennes",ICI,Sophie,Céline GUETAZ,Loick GUELLEC,Gael,Laurent,48.10641,-1.67351,Nord-Ouest,48.1060394,-1.6733036,OK
ici Auxerre,"12, place Saint Amâtre 89002 AUXERRE",ICI,Valérie,Delphine MARTIN #REF!,Leni Flouvat (intérim),Eric,Maud,47.7897348,3.5650583,Centre-Est,47.78975000000001,3.5649901,OK
ici Azur,"2, place Grimaldi 06012 Nice",ICI,,Caroline SAGLIONE (intérim),Violaine ILL,Julien,,43.6977461,7.2651668,Sud-Med,43.69774109999999,7.265099699999999,OK
ici Béarn-Bigorre,"5, place Clémenceau - 64 000 Pau",ICI,Franck,Daniel CORSAND,Yannick DAMONT,Eric,Jérémy,43.2951755,-0.3690781,Centre-Sud-Ouest,43.2952502,-0.3692082,OK
ici Belfort-Montbéliard,"10, rue des capucins 90000 Belfort",ICI,Stéphane,Nicolas WILHELM,Nicolas JOLY,Vincent,Emmanuel,47.6358878,6.8557737,Nord-Est,47.6360165,6.8557977,OK
ici Berry,"10, rue de la république - 36 000 Chateauroux",ICI,Christian,Carl DECHATRE,Gaëlle FONTENIT,Rodolphe,Olivier,46.810183,1.690463,Centre,46.8102086,1.6904362,OK
ici Besançon,"2, place Granvelle 25027 BESANCON",ICI,Bruno,Marie-Coralie FOURNIER,Cédric LIETO,Thomas 0,Sarah,47.2354849,6.0269274,Centre-Est,47.2354733,6.026932,OK
ici Bourgogne,"29, rue Guillaume Telle - 21000 Dijon",ICI,Laurent,Anne OGER-CANIER,Arnaud RACAPE,Raffaelo MARSEGLIA,David,47.3215806,5.0414701,Centre-Est,47.32534589999999,5.0292186,OK
ici Breizh Izel,"155 boulevard de Creac’h Gwenn, 29000 Quimper",ICI,Gurvan,Baptiste SCHWEITZER,Typhaine MORIN,Chrystelle,Yann,47.9773645,-4.1017427,Nord-Ouest,47.9720721,-4.0960387,OK
ici Champagne-Ardenne,"28, Bd M. Joffre 51054 REIMS",ICI,Tony,Sylvie BASSAL,Soline DEMESTRE,Gilles,Fabien,49.2577886,4.031926,Nord-Est,49.258329,4.031696,OK
ici Cotentin*,Hôtel Atlantique - Impasse Piedagniel - 50100 CHERBOURG,ICI,Jérôme,Juliette LEMEUNIER,Benoit MARTIN,Stéphanie,Paul,49.5127198,-1.5755441,Nord-Ouest,49.642459,-1.611142,OK
ici Creuse,7 av de la république 23000 Guéret,ICI,Franky,Sophie PERETTI,Valérie MENUT,Xavier,Valentin,46.2390571,1.4947908,Centre,46.1698064,1.8720911,OK
ici Drôme Ardèche,Pôle Latour Maubourg-70 av. de Romans - 26000 VALENCE,ICI,Florence,Damien TRIOMPHE (intérim),,Vincent,Stéphane,44.9332277,4.8920811,Centre-Est,44.9327373,4.9027296,OK
ici Gard Lozère,"10, boulevard des arènes - 30020 Nimes",ICI,Marie-Audrey,Tony SELLIEZ,Hervé SALLAFRANQUE,Félicien,Laurie,43.8344429,4.3585697,Sud-Med,43.834352,4.3585603,OK
ici Gascogne,"13, place Jean Jaurès 40 005 Mont-de-Marsan",ICI,Grégoire,Eric BALLANGER,Renaud BIONDY-MAUGEY,Sabine,Olivier,43.8872763,-0.5004501,Centre-Sud-Ouest,43.88740019999999,-0.5005537,OK
ici Gironde,"91, rue Nuyens - 33100 Bordeaux",ICI,Jean-Marc,Yves MAUGUE,Stéphanie BROSSARD,Anthony,Christophe,44.8430242,-0.5597378,Centre-Sud-Ouest,44.8430547,-0.5594998,OK
ici Hérault,"474, allée de Montmorency -34 034 Montpellier",ICI,Paul,Typhaine MORIN,Mathias KERN,Bertrand FISSOT,Aubert,43.6095995,3.8884509,Sud-Med,43.6096087,3.8888189,OK
ici Isère,"27, av Félix Viallet - 38000 Grenoble",ICI,Jean-Lou,Lionel CARIOU,Véronique PUEYO,Philippe,Alice,45.1907364,5.718973,Centre-Est,45.190812,5.7190219,OK
ici La Rochelle,"5, avenue Michel Crépeau - 17036 La Rochelle",ICI,Grégory,Mélanie DOMANGE,Eric LE BIHAN,Alain,Samuel,46.1536098,-1.1526743,Centre-Sud-Ouest,46.15352499999999,-1.1526834,OK
ici Limousin,"23, bld Gambetta 87 000 Limoges",ICI,Grégory,Jérôme EDANT,Valérie MOSNIER,Vincent,Jean-Baptiste,45.8354243,1.2644847,Centre,45.8276162,1.2579107,OK
ici Loire Océan,2 bis quai François Mitterand 44 000 Nantes,ICI,Philippe,Pascal ROCHE,Marion FERSING,Luc HUMBERT,Stéphane,47.2186371,-1.5541362,Nord-Ouest,47.2071841,-1.5555148,OK
ici Lorraine Nord,"5, rue d'Australie - 57000 Metz",ICI,Annaïg,Fanette HOURT,Bastien MUNCH,Patrick,Catherine,49.1196964,6.1763552,Nord-Est,49.1122319,6.1750283,OK
ici Maine,"17, av. Pierre Mendès France 72 000 Le Mans",ICI,Patrick,Julie LE DUFF,Julien JEAN,#REF! #REF!,Julien,48.0064263,0.199757,Nord-Ouest,48.0057549,0.2001771,OK
ici Mayenne,"41, av. Robert Buron - 53 000 Laval",ICI,Delphine,Germain TREILLE,Martin COTTA,Eva,Clémence,48.0730801,-0.7641037,Nord-Ouest,48.0729029,-0.7639887999999999,OK
ici Nord,"507, av. du Président Hoover - 59000 Lille",ICI,Bertrand,Antoine BAREGE,Stéphane BARBEREAU,Sophie,Yohann,50.6278438,3.0789119,Nord-Est,50.6269145,3.0797052,OK
ici Normandie* - Calvados et Orne,"12, rue Rosa Parks - 14000 Caen",ICI,Julien,Stéphanie BROSSARD,Philippe THOMAS,Pascal,Antoine,49.1784098,-0.3485761,Nord-Ouest,49.1785086,-0.3485604,OK
ici Normandie* - Seine-Maritime et Eure,Hangar A - Quai Boisguilbert - 76 000 Rouen,ICI,Pierre,Raphaël TUAL,Charlotte COUTARD,Laurent,Sophie,49.4429765,1.0741309,Nord-Ouest,49.4435158,1.0739459,OK
ici Occitanie,"78, allée Jean Jaurès - 31000 Toulouse",ICI,Bruce,Sandrine MORIN,Bénédicte DUPONT,Anthony,Vincent,43.6444525,1.5208073,Sud-Med,43.60738130000001,1.452652,OK
ici Orléans,"5, place du Châtelet 45 000 Orléans",ICI,Philippe,Camille HUPPENOIRE,A VENIR,Bill,Abdelbasset,47.8983882,1.9057688,Centre,47.8984178,1.9058791,OK
ici Paris ,"116 avenue du Président Kennedy, 75016 Paris",ICI,Sébastien,Nasser MADJI (chef des infos),,Elsa,Paul-Henri,48.8524793,2.2786707,Paris,48.85314260000001,2.2803673,OK
ici Pays Basque,"46, allée Marines 64116 Bayonne",ICI,Ttotte,Odile FAURE,Bixente VRIGNON,Jean-Luc,Pascal,43.5007947,-1.4829942,Centre-Sud-Ouest,43.4985868,-1.4882088,OK
ici Pays d'Auvergne,"80, bld François Mitterrand 63 000 Clermont-Ferrand",ICI,Philippe,Olivier VIDAL,Emmanuel MOREAU,RABIA,Stéphane,45.7774551,3.0819427,Centre,45.771417,3.0841903,OK
ici Pays de Savoie,"256, rue de la République - 73 000 Chambéry",ICI,Hervé,Jonathan LANDAIS,Tommy CATANEO,Thierry,Guillaume,45.563875,5.9257427,Centre-Est,45.5639107,5.9255284,OK
ici Périgord,1 cours Saint Georges - 24 003 Périgeux,ICI,Henri,Marie-Sylvie PRUDHOMME,Charlotte JOUSSERAND,Cléo,Lionel,45.1840214,0.7160392,Centre-Sud-Ouest,45.1801344,0.7248469,OK
ici Picardie,2 rue Maréchal de Lattre de Tassigny - 80 000 Amiens,ICI,Henrique,Axelle LABBE,Pierre-Antoine LEFORT (intérim),Jérôme,Luca,49.8923688,2.2921606,Nord-Est,49.892325,2.2921666,OK
ici Poitou,"313, av. de Nantes 86 000 Poitiers",ICI,Régis,Vincent HULIN,William GIRAUD,Nathalie,Marie-Ange,46.592899,0.3281556,Centre-Sud-Ouest,46.5929098,0.328186,OK
ici Provence,"560, av. Mozart - 13617 Aix en Provence",ICI,Eric,Nelly ASSENAT,Rémi INK,Fabien,Pascal,43.5252278,5.4408993,Sud-Med,43.5251041,5.4406108,OK
ici R.C.Fréquenza Mora,"4, rue Favalelli - 20289 Bastia",ICI,Rose 0,Patrick ROSSI,Didier ARNOUX,Frédéric,Serge,42.6965973,9.4471027,Sud-Med,42.6966496,9.4471787,OK
ici Roussillon,"24, av. du Général Leclerc 66 000 Perpignan",ICI,Christine,Stéphanie MORA,François DAVID,Maël,Stéphane,42.6985304,2.8953121,Sud-Med,42.60052779999999,2.9673732,OK
ici Saint Etienne Loire,"5, rue Pablo Picasso - 42000 SAINT-ETIENNE",ICI,Hervé,Véronique NARBOUX,Mathilde MONTAGNON,Marie,Adrien,45.4496959,4.3871982,Centre-Est,45.44972449999999,4.3872844,OK
ici Sud Lorraine,"21, Bd du Recteur Senn - 54042 NANCY",ICI,Nathalie,Clément LHUILLIER,Mohand CHIBANI,Julien,Nicolas,48.682614,6.1855532,Nord-Est,48.6825781,6.185567199999999,OK
ici Touraine,"40, rue James Watt 37 200 Tours",ICI,Yohann,David MALLE,Romain DEZEQUE,Eddy,Stéphane,47.3640812,0.6803352,Centre,47.3639835,0.680446,OK
ici Vaucluse,"25, rue de la République - 84021 Avignon",ICI,Valerie,Camille LABROUSSE,Romain BERCHET,Christophe,Axel,43.947152,4.805926,Sud-Med,43.9461244,4.8058683,OK
RER ALÈS,Mairie de ALÈS,RER,LABASTROU Ludovic,,,,,44.0226212,3.9976024,Sud Med,44.1250889,4.077574,OK
RER ANGOULÈME,Mairie de ANGOULÈME,RER,MARSAT Pierre,,,,,45.6658715,0.2370882,Sud Ouest,45.6488766,0.1567288,OK
RER ANNECY,Mairie de ANNECY,RER,VIVION Richard,,,,,45.9241255,5.906022,Est du Sud,45.899247,6.129384,OK
RER ARCACHON,Mairie de ARCACHON,RER,HISCOCK Stephane,,,,,44.4818701,-0.8831709,Sud Ouest,44.6612588,-1.1705716,OK
RER ARRAS,Mairie de ARRAS,RER,LAMARRE VANESSA,,,,,50.3826985,2.279199,Nord Est,50.2934211,2.7787176,OK
RER AUBENAS,Mairie de AUBENAS,RER,PLUVY PIERRE JEAN,,,,,44.6209344,4.3899141,Est du Sud,44.6208798,4.3900426,OK
RER BOURGES,Mairie de BOURGES,RER,BENOIT Michel,,,,,47.0095776,2.2946889,Centre,47.10687420000001,2.4050916,OK
RER BOURGOIN,Mairie de BOURGOIN,RER,BALLANDRA Antoine,,,,,45.5489655,5.223853,Est du Sud,45.597108,5.27212,OK
RER BREST,Mairie de BREST,RER,OLIVIER NICOLAS,,,,,48.3276056,-4.1591183,Nord Ouest,48.3986344,-4.454643,OK
RER BÉZIERS,Mairie de BÉZIERS,RER,POCHER STEPHANE,,,,,43.3429925,3.213733,Sud Med,43.3427915,3.2132624,OK
RER CALAIS,Mairie de CALAIS,RER,DARRIET Matthieu,,,,,50.9476992,1.7593397,Nord Est,50.9526259,1.8544302,OK
RER COLMAR,Mairie de COLMAR,RER,CHHUM Guillaume,,,,,48.0794681,7.3575886,Nord Est,48.0794357,7.358032399999999,OK
RER DAX,Mairie de DAX,RER,FERRIER Paul,,,,,43.708607,-1.051859,Sud Ouest,43.70863809999999,-1.0518655,OK
RER EPINAL,Mairie de EPINAL,RER,COLIN Thierry,,,,,47.92217,6.7608202,Nord Est,48.172402,6.449403,OK
RER EVREUX,Mairie de EVREUX,RER,PHILIPPOT Laurent,,,,,48.9686133,1.0988773,Nord Ouest,49.0270058,1.1515581,OK
RER LA ROCHE SUR YON,Mairie de LA ROCHE SUR YON,RER,TAPON YVES-RENE,,,,,47.0036442,-1.3319423,Nord Ouest,46.66999240000001,-1.4278706,OK
RER LE HAVRE,Mairie de LE HAVRE,RER,BONTE Amélie,,,,,49.5329188,0.6009748,Nord Ouest,49.4945082,0.1079133,OK
RER MENDE,Mairie de MENDE,RER,MAKHLOUFI SAID,,,,,44.640908,3.6749843,Sud Med,44.517743,3.5016431,OK
RER MONTBÉLIARD,Mairie de MONTBÉLIARD,RER,JAFFRELOT Dylan,,,,,47.2941925,6.5835149,Nord Est,47.5103829,6.7980828,OK
RER MULHOUSE,Mairie de MULHOUSE,RER,GENTHON Patrick,,,,,47.7816198,7.3465099,Nord Est,47.7505408,7.3358441,OK
RER NIORT,Mairie de Niort,RER,,,,,,46.3237218,-0.4647037,Sud Ouest,46.3238369,-0.4648122,OK
RER SAINT-BRIEUC,Mairie de SAINT-BRIEUC,RER,MOISON JOHAN,,,,,48.5137096,-2.7641079,Nord Ouest,48.51503719999999,-2.7632172,OK
RER SAINT-LÔ,Mairie de SAINT-LÔ,RER,,,,,,49.1160856,-1.0909399,Nord Ouest,49.1160284,-1.0909195,OK
RER SAINT-NAZAIRE,Mairie de SAINT-NAZAIRE,RER,ROUSSEL Helene,,,,,42.6687936,2.9904602,Nord Ouest,42.6687725,2.9904611,OK
RER SENS,Mairie de Sens,RER,Renaud Candelier,,,,,48.2116053,3.2577891,Est du Sud,48.1988961,3.2827185,OK
RER TOULON,Mairie de TOULON,RER,GLOTIN WININGER Sophie,,,,,43.1203312,5.9325235,Sud Med,43.1203083,5.9325079,OK
RER TULLE,Mairie de TULLE,RER,GRAZIANI Philippe,,,,,45.2657144,1.7716186,Centre,45.2658829,1.7720313,OK
RER VALENCIENNES,Mairie de VALENCIENNES,RER,PROUVOYEUR JULIEN,,,,,50.3299502,3.6014705,Nord Est,50.3577957,3.5238749,OK
RER VANNES,Mairie de VANNES,RER,COLAS Frederick,,,,,47.658374,-2.7609302,Nord Ouest,47.672956,-2.7643836,OK
RER VESOUL,Mairie de VESOUL,RER,FERNANDEZ JEAN FRANCOIS,,,,,47.619778,6.154297,Est du Sud,47.61923,6.15456,OK
Bureau AJACCIO,"Résidence Les Pins, Av. Impératrice Eugénie, 20000 Ajaccio",Bureau,,,,,,41.91954801359022,8.733442944988854,Sud Med,41.9214861,8.7344498,OK
Bureau LYON,44 boulevard marius vivier merle,Bureau,,,,,,45.7594575776334,4.85773186250374,Est du Sud,45.7593019,4.857728199999999,OK
Bureau MARSEILLE,"98 Rue de l'Évêché, 13002 Marseille",Bureau,,,,,,43.3020906,5.3673208,Sud Med,43.30194059999999,5.3672961,OK
